{"stats":{"minecraft:used":{"alexsmobs:spawn_egg_sunbird":1,"alexsmobs:animal_dictionary":1,"alexsmobs:maraca":1,"alexsmobs:spawn_egg_cockroach":3},"minecraft:picked_up":{"alexsmobs:maraca":4},"minecraft:custom":{"minecraft:jump":59,"minecraft:time_since_rest":9915,"minecraft:leave_game":1,"minecraft:damage_dealt":16,"minecraft:crouch_one_cm":120,"minecraft:sprint_one_cm":6667,"minecraft:play_time":9915,"minecraft:time_since_death":9915,"minecraft:walk_one_cm":5663,"minecraft:sneak_time":620,"minecraft:total_world_time":9915,"minecraft:fly_one_cm":258197}},"DataVersion":3465}