{
  "morevillagers:root": {
    "criteria": {
      "always": "2024-10-12 21:29:23 +0000"
    },
    "done": true
  },
  "alexsmobs:alexsmobs/la_cucaracha": {
    "criteria": {
      "tame": "2024-10-12 21:30:11 +0000"
    },
    "done": true
  },
  "alexsmobs:alexsmobs/root": {
    "criteria": {
      "useitem": "2024-10-12 21:32:14 +0000"
    },
    "done": true
  },
  "alexsmobs:alexsmobs/sunbird_blessing": {
    "criteria": {
      "all_effects": "2024-10-12 21:33:59 +0000"
    },
    "done": true
  },
  "minecraft:recipes/misc/pumpkin_seeds": {
    "criteria": {
      "has_pumpkin": "2024-10-12 21:36:16 +0000"
    },
    "done": true
  },
  "minecraft:recipes/decorations/crafting_table": {
    "criteria": {
      "unlock_right_away": "2024-10-12 21:29:23 +0000"
    },
    "done": true
  },
  "alexsmobs:alexsmobs/maraca": {
    "criteria": {
      "maraca": "2024-10-12 21:30:05 +0000"
    },
    "done": true
  },
  "minecraft:adventure/adventuring_time": {
    "criteria": {
      "minecraft:eroded_badlands": "2024-10-12 21:31:48 +0000",
      "minecraft:badlands": "2024-10-12 21:29:24 +0000",
      "minecraft:beach": "2024-10-12 21:36:10 +0000",
      "minecraft:stony_peaks": "2024-10-12 21:34:23 +0000",
      "minecraft:river": "2024-10-12 21:35:06 +0000",
      "minecraft:forest": "2024-10-12 21:34:14 +0000",
      "minecraft:plains": "2024-10-12 21:34:02 +0000"
    },
    "done": false
  },
  "minecraft:husbandry/root": {
    "criteria": {
      "consumed_item": "2024-10-12 21:32:14 +0000"
    },
    "done": true
  },
  "minecraft:recipes/food/pumpkin_pie": {
    "criteria": {
      "has_pumpkin": "2024-10-12 21:36:16 +0000"
    },
    "done": true
  },
  "DataVersion": 3465
}